date,temperature_2m,relative_humidity_2m,dew_point_2m,apparent_temperature,precipitation,rain,snowfall,snow_depth,pressure_msl,surface_pressure,cloud_cover,cloud_cover_low,cloud_cover_mid,cloud_cover_high,et0_fao_evapotranspiration,vapour_pressure_deficit,wind_speed_10m,wind_speed_100m,wind_direction_10m,wind_direction_100m,wind_gusts_10m,soil_temperature_0_to_7cm,soil_moisture_0_to_7cm,wet_bulb_temperature_2m,sunshine_duration,shortwave_radiation,direct_radiation,diffuse_radiation,direct_normal_irradiance,global_tilted_irradiance,terrestrial_radiation,shortwave_radiation_instant,direct_radiation_instant,diffuse_radiation_instant,direct_normal_irradiance_instant,global_tilted_irradiance_instant,terrestrial_radiation_instant
2025-03-20 22:00:00+00:00,10.412333333333333,58.333333333333336,2.5708636333333335,8.2637699,0.0,0.0,0.0,0.0,1020.9333333333334,1007.47042,4.0,0.0,3.6666666666666665,0.3333333333333333,0.0030200908333333338,0.5272566066666666,3.1297029666666667,9.744106,85.72376866666667,90.95429933333332,7.319999833333333,,,6.236009666666667,0.0,0.0,0.0,0.0,0.0,0.0,0.0,0.0,0.0,0.0,0.0,0.0,0.0
2025-03-20 23:00:00+00:00,9.612333666666666,60.333333333333336,2.2872715666666665,7.5076515666666666,0.0,0.0,0.0,0.0,1020.8000000000001,1007.29981,5.0,0.0,5.0,0.0,0.0012439317,0.4763581666666667,2.4740211333333337,8.877862,59.593749,94.36821333333334,5.3999999999999995,,,5.703190800000001,0.0,0.0,0.0,0.0,0.0,0.0,0.0,0.0,0.0,0.0,0.0,0.0,0.0
2025-03-21 00:00:00+00:00,8.545667,64.33333333333333,2.1852492,6.261254699999999,0.0,0.0,0.0,0.0,1020.5,1006.95322,0.0,0.0,0.0,0.0,0.0020557037999999997,0.39839611333333336,3.5810691333333335,6.376786466666666,70.82377766666667,94.60357333333333,5.3999999999999995,,,5.0986766999999995,0.0,0.0,0.0,0.0,0.0,0.0,0.0,0.0,0.0,0.0,0.0,0.0,0.0
2025-03-21 01:00:00+00:00,7.6290000000000004,67.0,1.8881345000000003,5.508534433333334,0.0,0.0,0.0,0.0,1020.1333333333333,1006.5478933333334,2.6666666666666665,0.0,2.6666666666666665,0.0,0.0,0.34588522,2.0984198666666667,3.4193599999999997,126.14498133333332,106.09916333333335,6.239999999999999,,,4.493382433333333,0.0,0.0,0.0,0.0,0.0,0.0,0.0,0.0,0.0,0.0,0.0,0.0,0.0
2025-03-21 02:00:00+00:00,5.812333433333333,75.0,1.6518087000000001,3.5674090333333335,0.0,0.0,0.0,0.0,1019.9333333333334,1006.2617,0.0,0.0,0.0,0.0,0.0,0.237926742,2.6691117,2.7635263333333335,198.76992833333335,208.87787,6.239999933333333,,,3.4656385333333333,0.0,0.0,0.0,0.0,0.0,0.0,0.0,0.0,0.0,0.0,0.0,0.0,0.0
2025-03-21 03:00:00+00:00,5.962333366666667,73.66666666666667,1.5957318666666669,3.752284233333333,0.0,0.0,0.0,0.0,1019.7000000000002,1006.0387333333333,0.0,0.0,0.0,0.0,0.0,0.24832562666666666,2.3641677,4.136437,177.41165,39.54461866666667,3.9599999333333336,,,3.5041523,0.0,0.0,0.0,0.0,0.0,0.0,0.0,0.0,0.0,0.0,0.0,0.0,0.0
2025-03-21 04:00:00+00:00,5.178999999999999,77.66666666666667,1.5925148666666666,2.941162766666667,0.0,0.0,0.0,0.0,1019.5333333333333,1005.8368433333334,0.0,0.0,0.0,0.0,0.0,0.1980921,2.5502378333333335,5.571476266666667,128.58410733333332,60.20435733333333,5.7599998,,,3.102468,0.0,0.0,0.0,0.0,0.0,0.0,0.0,0.0,0.0,0.0,0.0,0.0,0.0
2025-03-21 05:00:00+00:00,4.479000133333333,82.33333333333333,1.7180286999999999,2.1424638666666667,0.0,0.0,0.0,0.0,1019.4666666666667,1005.7364266666667,5.333333333333333,4.0,1.3333333333333333,0.0,0.0,0.14967908666666666,3.3759989666666663,7.327946533333333,330.33502,66.14494466666666,4.9199999,,,2.8227395666666664,0.0,0.0,0.0,0.0,0.0,0.0,0.0,0.0,0.0,0.0,0.0,0.0,0.0
2025-03-21 06:00:00+00:00,3.9789999999999996,84.33333333333333,1.5649601999999998,1.6297076666666666,0.0,0.0,0.0,0.0,1019.3333333333334,1005.5804533333334,29.666666666666668,0.0,27.333333333333332,8.333333333333334,0.011199365833333334,0.12797820533333334,3.2860812999999998,8.3712358,299.22093,66.42633866666667,7.799999633333333,,,2.5074924,0.0,6.5,0.75,5.75,9.782430133333333,6.5000003333333325,45.425699,15.849428333333334,1.8271293666666668,14.022299333333335,10.293178133333333,6.826635766666667,110.77501833333334
2025-03-21 07:00:00+00:00,5.5623332,78.0,2.0285099,3.361792266666667,0.0,0.0,0.0,0.0,1019.1333333333333,1005.4615633333333,18.666666666666668,0.0,17.666666666666668,1.3333333333333333,0.03176506866666667,0.20007485333333333,2.8126906666666667,9.518283,122.93251433333334,62.857213333333334,7.3199999,,,3.497093866666667,3583.813066666667,92.25,36.083333333333336,56.166666666666664,219.63121999999998,92.25000333333332,226.52245666666667,138.21208333333334,54.04424866666667,84.16783133333333,328.9571733333333,138.21209,339.40814666666665
2025-03-21 08:00:00+00:00,9.445666666666666,61.666666666666664,2.428353766666667,7.121189333333334,0.0,0.0,0.0,0.0,1018.6,1005.1195966666668,38.666666666666664,0.0,24.666666666666668,19.333333333333332,0.10430017466666668,0.45691995,4.1516098,7.713830000000001,125.41999,71.46238733333333,9.959999666666667,,,5.670028666666667,3600.0,232.16666666666666,131.75,100.41666666666667,408.15965,232.16666,445.05413666666664,284.49922666666663,161.46760866666668,123.03162166666668,500.2238466666667,284.4992233333333,545.3515833333333
2025-03-21 09:00:00+00:00,13.379,49.0,2.863438966666667,10.920188333333334,0.0,0.0,0.0,0.0,1018.0666666666666,1004.7773333333333,84.33333333333333,0.0,52.0,68.33333333333333,0.19892684666666663,0.7857425466666667,5.619556933333333,10.307947799999999,105.44978766666668,83.49041000000001,13.799999499999998,,,7.895394499999999,3600.0,380.5,249.5,131.0,543.0386333333332,380.49999,633.7142133333333,429.0557366666667,281.3380466666667,147.71767666666668,612.3336166666667,429.05572666666666,714.5862000000001
2025-03-21 10:00:00+00:00,16.929,40.666666666666664,3.4645093333333334,14.394607833333334,0.0,0.0,0.0,0.0,1017.0666666666666,1003.9538866666667,61.333333333333336,0.0,53.0,40.666666666666664,0.2911409333333333,1.1461655666666666,6.915048333333334,14.269119333333334,111.17923933333333,100.00909666666666,16.800000333333333,,,9.905563333333333,3600.0,494.1666666666667,335.0833333333333,159.08333333333334,593.0187533333334,494.1666666666667,779.6634466666668,529.6130400000001,359.1098533333333,170.50320666666667,635.5393133333333,529.6130400000001,835.5972633333334
2025-03-21 11:00:00+00:00,20.31233333333333,31.333333333333332,2.7487307,17.666586666666664,0.0,0.0,0.0,0.0,1015.9,1002.9529433333333,63.333333333333336,0.0,50.333333333333336,43.333333333333336,0.36392233,1.6412084666666666,7.614488333333334,17.455389666666665,98.36976599999998,109.20007,18.959999333333332,,,11.254874333333333,3600.0,552.5833333333334,362.5,190.08333333333334,573.2832766666667,552.5833333333334,872.9733333333334,569.7809166666667,373.7659733333333,196.01496333333333,591.0994133333334,569.7809166666667,900.15721
2025-03-21 12:00:00+00:00,22.828999666666665,24.0,1.1866310666666668,19.24063466666667,0.0,0.0,0.0,0.0,1014.6999999999999,1001.8765133333333,99.33333333333333,0.0,59.333333333333336,99.33333333333333,0.44419241000000004,2.1161030333333333,13.044623666666666,21.521872666666667,114.69313666666666,108.84692,27.24,,,11.832475666666667,3600.0,595.25,405.0,190.25,616.10948,595.25,907.3066966666667,593.0013333333333,403.45839333333333,189.54290666666668,613.7636233333333,593.0013333333333,903.8886900000001
2025-03-21 13:00:00+00:00,23.112333333333336,23.0,0.8339018733333333,19.172529333333333,0.0,0.0,0.0,0.0,1013.8333333333334,1001.0327833333334,99.66666666666667,0.0,90.66666666666667,98.0,0.4093406466666667,2.179674,13.947242000000001,25.557317333333334,122.06421533333332,106.24160333333333,29.76,,,11.836539666666667,3600.0,498.5,258.25,240.25,405.7152566666667,498.5,880.3454333333333,479.35139333333336,248.30531333333332,231.0460833333333,390.09143666666665,479.35139333333336,846.5602
2025-03-21 14:00:00+00:00,23.362333333333336,23.666666666666668,1.4396391333333334,19.55286633333333,0.0,0.0,0.0,0.0,1012.8666666666667,1000.0890933333334,99.66666666666667,0.0,85.66666666666667,92.0,0.37786863000000004,2.1937654666666666,13.143763,27.061524666666667,115.81063666666667,105.89250333333332,29.999999,,,12.146855,3600.0,450.0,227.58333333333334,222.41666666666666,395.7326166666667,450.0,793.9519666666666,414.93905,209.84226333333334,205.09679666666668,364.88291,414.93905,732.1042666666667
2025-03-21 15:00:00+00:00,23.112333666666668,25.333333333333332,2.189271833333333,19.424604333333335,0.0,0.0,0.0,0.0,1011.9666666666667,999.1897133333333,100.0,0.0,83.0,99.0,0.3173474333333333,2.113271166666667,13.198844333333334,27.025268999999998,117.94295333333334,101.54192333333333,28.439999666666665,,,12.299557,3600.0,344.9166666666667,150.91666666666666,194.0,317.96671,344.9166666666667,654.0394966666667,299.73128333333335,131.15083333333334,168.58043999999998,276.32125333333335,299.73128333333335,568.3474333333334
2025-03-21 16:00:00+00:00,22.412333,24.333333333333332,0.9996516666666667,18.560158,0.0,0.0,0.0,0.0,1011.0666666666666,998.2709,100.0,0.0,92.66666666666667,100.0,0.24937653,2.052750233333333,12.972301000000002,27.275036333333333,101.00167033333332,96.44851266666666,28.439999999999998,,,11.597718,3600.0,224.0,84.08333333333333,139.91666666666666,246.36065,224.0,470.1698466666667,174.60325666666668,65.54846433333334,109.05478999999998,192.05295333333333,174.60325666666668,366.4766833333333
2025-03-21 17:00:00+00:00,20.562333,27.666666666666668,1.2440004,16.973722666666667,0.0,0.0,0.0,0.0,1010.5333333333333,997.66453,96.33333333333333,0.0,82.66666666666667,89.33333333333333,0.15968865000000002,1.752612,11.404540500000001,27.10699333333333,93.61985333333332,93.68673466666667,25.799998666666667,,,10.854853166666667,401.27769000000006,84.83333333333333,11.0,73.83333333333333,59.633293333333334,84.83333333333333,254.90151333333333,46.67275333333333,6.0478510000000005,40.62490333333333,32.784980999999995,46.67275333333333,140.27763333333334
2025-03-21 18:00:00+00:00,18.328999666666665,32.333333333333336,1.4738130666666667,15.088016666666666,0.0,0.0,0.0,0.0,1010.1333333333333,997.1725466666667,100.0,0.0,90.0,100.0,0.10381573333333333,1.4277542,9.301654000000001,27.69927633333333,89.1487,89.95883666666667,22.679999666666664,,,9.893484833333334,0.0,9.833333333333334,0.16666666666666666,9.666666666666666,1.9333376666666666,9.833333333333334,60.36929,0.0,0.0,0.0,0.0,0.0,0.0
2025-03-21 19:00:00+00:00,16.929000333333335,36.0,1.7510541,14.110300333333333,0.0,0.0,0.0,0.0,1009.8333333333334,996.8131466666667,97.33333333333333,0.0,55.666666666666664,90.66666666666667,0.05027537333333334,1.2359168333333332,6.719667633333334,28.540338000000002,64.993794,88.62466833333333,18.599999666666665,,,9.305722333333334,0.0,0.0,0.0,0.0,0.0,0.0,0.0,0.0,0.0,0.0,0.0,0.0,0.0
2025-03-21 20:00:00+00:00,15.645666666666665,39.333333333333336,1.8337167333333333,12.3799325,0.0,0.0,0.0,0.0,1009.0,995.9327466666667,100.0,0.0,58.333333333333336,100.0,0.068991853,1.0800771,9.890664,29.024766333333332,62.742831333333335,90.80428666666667,19.079999333333333,,,8.694927666666667,0.0,0.0,0.0,0.0,0.0,0.0,0.0,0.0,0.0,0.0,0.0,0.0,0.0
2025-03-21 21:00:00+00:00,15.145667333333334,41.0,1.8950513666666666,11.874416333333334,0.0,0.0,0.0,0.0,1008.3333333333334,995.2493233333333,97.66666666666667,0.0,54.333333333333336,95.0,0.065974646,1.02519475,10.002286233333335,28.552880333333334,83.58731233333333,88.077135,20.879999333333334,,,8.457191,0.0,0.0,0.0,0.0,0.0,0.0,0.0,0.0,0.0,0.0,0.0,0.0,0.0
2025-03-21 22:00:00+00:00,14.362333666666666,44.0,2.094599233333333,11.422066666666666,0.0,0.0,0.0,0.0,1007.7666666666668,994.6535533333332,100.0,0.0,45.666666666666664,100.0,0.042079711666666665,0.9327283166666667,7.9867838,28.842449333333334,66.18650166666667,81.31737,19.919999666666666,,,8.127111000000001,0.0,0.0,0.0,0.0,0.0,0.0,0.0,0.0,0.0,0.0,0.0,0.0,0.0
2025-03-21 23:00:00+00:00,13.529000333333334,46.333333333333336,1.9921809099999999,10.459121333333334,0.0,0.0,0.0,0.0,1007.4666666666667,994.3195333333333,99.33333333333333,0.0,78.0,96.33333333333333,0.044951363333333334,0.8499669333333334,8.785351333333333,28.354932,67.115268,76.63669666666668,17.639999833333334,,,7.6727389,0.0,0.0,0.0,0.0,0.0,0.0,0.0,0.0,0.0,0.0,0.0,0.0,0.0
2025-03-22 00:00:00+00:00,12.662333333333335,49.0,2.06023889,9.646891,0.0,0.0,0.0,0.0,1007.4333333333334,994.2484333333333,100.0,0.0,100.0,100.0,0.04072231566666667,0.75806002,8.4866651,23.816441666666666,61.101690999999995,80.44591000000001,17.640000333333333,,,7.2464552666666675,0.0,0.0,0.0,0.0,0.0,0.0,0.0,0.0,0.0,0.0,0.0,0.0,0.0
2025-03-22 01:00:00+00:00,11.995667,52.333333333333336,2.369888833333333,9.475087666666667,0.0,0.0,0.0,0.0,1008.2333333333332,995.0066766666665,100.0,0.0,100.0,63.333333333333336,0.019144647333333334,0.6798936266666668,5.463981766666667,15.570342000000002,248.68319666666665,102.375952,15.719999666666666,,,7.010383633333333,0.0,0.0,0.0,0.0,0.0,0.0,0.0,0.0,0.0,0.0,0.0,0.0,0.0
2025-03-22 02:00:00+00:00,9.979000333333333,64.0,3.3739196000000002,7.323968499999999,0.0,0.0,0.0,0.0,1008.8666666666667,995.53794,95.66666666666667,32.666666666666664,87.66666666666667,80.0,0.020545624666666668,0.45203673666666666,7.628541299999999,14.930848,233.6076833333333,167.27267666666668,19.199998666666666,,,6.349894533333334,0.0,0.0,0.0,0.0,0.0,0.0,0.0,0.0,0.0,0.0,0.0,0.0,0.0
2025-03-22 03:00:00+00:00,9.995666666666667,64.0,3.4388840666666667,7.9251446,0.0,0.0,0.0,0.0,1009.1333333333333,995.8043733333334,100.0,20.0,88.0,100.0,0.006273093699999999,0.44544314000000007,3.7241598000000002,17.414794333333333,183.26865999999998,193.20348666666666,12.839999566666668,,,6.386403433333334,0.0,0.0,0.0,0.0,0.0,0.0,0.0,0.0,0.0,0.0,0.0,0.0,0.0
2025-03-22 04:00:00+00:00,9.862333333333334,64.66666666666667,3.4999171,7.643062233333333,0.0,0.0,0.0,0.0,1008.8666666666667,995.53642,100.0,10.666666666666666,100.0,100.0,0.007171162266666666,0.43069645333333334,4.819496933333333,15.548184333333333,117.74191866666666,210.26257333333334,9.96,,,6.335087766666667,0.0,0.0,0.0,0.0,0.0,0.0,0.0,0.0,0.0,0.0,0.0,0.0,0.0
2025-03-22 05:00:00+00:00,10.245667,67.0,4.375996766666667,8.3015579,0.10000000000000002,0.10000000000000002,0.0,0.0,1008.8000000000001,995.4896433333333,100.0,0.0,100.0,96.0,0.002536003566666667,0.4120845533333333,4.138803933333333,14.285113,184.6477633333333,197.6856,9.36,,,6.9101403333333336,0.0,0.0,0.0,0.0,0.0,0.0,0.0,0.0,0.0,0.0,0.0,0.0,0.0
2025-03-22 06:00:00+00:00,10.345666999999999,72.33333333333333,5.531443066666667,8.836683666666667,0.2333333333333333,0.2333333333333333,0.0,0.0,1009.0,995.6912000000001,100.0,6.333333333333333,100.0,100.0,0.024224634666666665,0.34755847666666667,2.8838279900000003,11.17195,146.353622,203.6679766666667,7.56,,,7.519584333333334,0.0,2.6666666666666665,0.0,2.6666666666666665,0.0,2.6666666666666665,49.60829566666666,6.406407766666667,0.0,6.406407766666667,0.0,2.894184033333333,119.12201333333333
2025-03-22 07:00:00+00:00,10.895666666666665,77.0,6.989584499999999,9.130539,0.3,0.3,0.0,0.0,1009.2666666666668,995.9807733333333,100.0,4.666666666666667,100.0,100.0,0.039150079,0.29820625,6.944193533333333,6.1142199999999995,130.721482,197.2045446666667,13.32,,,8.500610233333333,0.0,28.416666666666668,0.08333333333333333,28.333333333333332,0.4900879,28.416666666666668,234.76378,42.058233333333334,0.12354085999999999,41.934693333333335,0.7265505666666666,42.058233333333334,347.5333366666667
2025-03-22 08:00:00+00:00,12.462333666666666,75.0,8.133589166666667,10.985245333333333,0.0,0.0,0.0,0.0,1009.1333333333333,995.92114,86.0,0.0,77.33333333333333,35.0,0.072992972,0.36039136,6.874643333333334,3.2385002666666662,131.64326533333335,58.704118666666666,15.0,,,9.780395333333333,144.32006666666666,107.0,12.75,94.25,38.759700333333335,107.0,453.04031333333336,130.65697833333334,15.574804333333333,115.082172,47.347010000000004,130.65697833333334,553.1918866666666
2025-03-22 09:00:00+00:00,14.995666333333332,65.0,8.442532566666667,13.922439666666667,0.0,0.0,0.0,0.0,1008.8000000000001,995.7080266666667,81.33333333333333,0.0,73.0,60.333333333333336,0.16939344999999997,0.6011156666666667,4.5738958,5.173523666666667,153.43500666666668,59.999931333333336,13.440000333333332,,,11.056948333333333,2400.0,307.5,125.91666666666667,181.58333333333334,270.15764533333333,307.5,641.3921933333332,346.21922666666666,141.79537100000002,204.42384666666666,304.225726,346.21922666666666,722.0987666666666
2025-03-22 10:00:00+00:00,16.678999333333334,56.666666666666664,8.024023433333333,15.539572999999999,0.0,0.0,0.0,0.0,1008.2666666666668,995.2561333333333,100.0,0.0,64.33333333333333,100.0,0.23457100666666666,0.8245423500000001,4.273863333333334,5.2775656,150.74125666666666,60.31267,13.679999666666665,,,11.631836,3516.4226,403.0833333333333,162.83333333333334,240.25,284.90663666666666,403.0833333333333,787.00095,431.65253,174.38451666666666,257.268,305.11732,431.65253,842.7613333333334
2025-03-22 11:00:00+00:00,17.562333666666664,54.666666666666664,8.318037666666667,16.129641666666668,0.0,0.0,0.0,0.0,1007.6,994.6368333333334,100.0,7.0,54.666666666666664,100.0,0.28814052333333334,0.9108359899999999,6.820422333333333,6.505121,122.71009,46.595893999999994,16.199999000000002,,,12.175322666666666,3600.0,481.5,207.08333333333334,274.4166666666667,324.2951766666667,481.5,879.96212,496.28636,213.44352,282.8428333333333,334.2550066666667,496.28636,906.97607
2025-03-22 12:00:00+00:00,18.462333,50.666666666666664,8.030536666666666,16.811036333333334,0.0,0.0,0.0,0.0,1006.9333333333334,994.0181233333333,96.0,18.333333333333332,65.0,88.0,0.31859568,1.0487568333333332,7.814217200000001,8.952395966666668,119.32850499999999,152.43488666666667,20.040000000000003,,,12.461781333333334,3600.0,519.6666666666666,254.33333333333334,265.3333333333333,383.70037,519.6666666666666,913.9614666666666,517.6307933333334,253.33456666666666,264.2962333333333,382.19315,517.6307933333334,910.3889866666667
2025-03-22 13:00:00+00:00,18.87899966666667,50.333333333333336,8.3018019,16.874080333333335,0.0,0.0,0.0,0.0,1006.1999999999999,993.3123099999999,90.66666666666667,24.333333333333332,46.0,77.33333333333333,0.30395348333333333,1.0842706333333334,10.727403166666667,12.555095199999998,110.02753666666668,42.253197666666665,22.919999333333333,,,12.774614999999999,3600.0,472.9166666666667,222.5,250.41666666666666,345.72162000000003,472.9166666666667,886.7045166666667,454.8265966666666,213.99377333333337,240.83282666666665,332.5042066666667,454.8265966666666,852.79092
2025-03-22 14:00:00+00:00,19.395666666666667,46.0,7.419299766666666,17.185800333333333,0.0,0.0,0.0,0.0,1005.2333333333332,992.38082,77.66666666666667,39.666666666666664,50.0,33.333333333333336,0.28861742,1.2190638,10.636445433333334,15.239752000000001,110.28675500000001,46.272861,26.75999966666667,,,12.636299666666666,3600.0,431.6666666666667,248.91666666666666,182.75,428.55916333333334,431.6666666666667,800.0738233333333,398.24956999999995,229.65297333333334,168.59661,395.39231333333333,398.24956999999995,738.1326833333333
2025-03-22 15:00:00+00:00,19.228999666666667,44.0,6.674688566666667,16.404082,0.0,0.0,0.0,0.0,1004.5666666666666,991.7155666666667,54.666666666666664,10.666666666666666,51.333333333333336,8.333333333333334,0.26508468333333335,1.2490830333333334,13.574927666666667,17.344367666666667,115.54521666666666,57.11718,28.559999666666666,,,12.23989,3600.0,366.5833333333333,224.08333333333334,142.5,468.11805999999996,366.5833333333333,659.99894,318.9504133333333,194.96682,123.98358466666666,407.2914666666666,318.95041,574.2548066666667
2025-03-22 16:00:00+00:00,18.429000000000002,46.0,6.589984,15.614142666666666,0.06666666666666667,0.06666666666666667,0.0,0.0,1003.9666666666667,991.08759,25.333333333333332,0.0,15.666666666666666,9.666666666666666,0.18181648666666664,1.1462434333333333,13.372624,24.06524966666667,105.47900666666668,78.80200433333333,29.279998666666668,,,11.833116666666667,3600.0,195.66666666666666,102.66666666666667,93.0,298.04491333333334,195.66666666666666,476.05318000000005,153.00731166666665,80.27377133333333,72.73354233333333,233.03574333333333,153.00731166666665,372.35296999999997
2025-03-22 17:00:00+00:00,17.362332666666667,51.666666666666664,7.309889000000001,14.827289666666667,0.0,0.0,0.0,0.0,1003.6,990.6789866666667,25.333333333333332,1.3333333333333333,9.0,17.0,0.12037491333333333,0.9593109766666666,12.625141333333334,27.129839333333333,92.24146999999999,84.43560333333333,27.359999333333334,,,11.634780999999998,3600.0,120.58333333333333,67.83333333333333,52.75,358.3803,120.58334500000001,260.79950333333335,67.607965,38.033649,29.574314666666666,200.93248333333335,67.60797000000001,146.21406
2025-03-22 18:00:00+00:00,14.962333666666666,58.333333333333336,6.8276143000000005,12.812647333333333,0.0,0.0,0.0,0.0,1003.6333333333333,990.6057333333333,53.0,0.0,33.333333333333336,40.333333333333336,0.057666972000000004,0.7101317533333334,9.218810566666667,24.310923333333335,74.41750666666667,77.33862133333334,26.639998666666667,,,10.29601,0.0,14.333333333333334,4.0,10.333333333333334,44.69710533333333,14.333333000000001,63.34040033333334,0.0,0.0,0.0,0.0,0.0,0.0
2025-03-22 19:00:00+00:00,11.0145,81.66666666666667,7.993793233333334,9.728949,0.0,0.0,0.0,0.0,1004.9666666666667,991.7418766666666,36.333333333333336,0.0,15.333333333333334,23.333333333333332,0.0009240024666666667,0.2412923966666667,5.236253333333333,22.014132,75.31214833333333,74.25529999999999,11.399999999999999,,,9.070998666666666,0.0,0.0,0.0,0.0,0.0,0.0,0.0,0.0,0.0,0.0,0.0,0.0,0.0
2025-03-22 20:00:00+00:00,9.664499666666666,87.33333333333333,7.649559766666667,8.188606333333334,0.0,0.0,0.0,0.0,1004.4666666666667,991.18738,64.66666666666667,0.0,47.0,58.333333333333336,6.01463e-06,0.15399257333333333,5.943653,17.928262666666665,32.246127666666666,58.32828333333333,11.039999199999999,,,8.321364233333334,0.0,0.0,0.0,0.0,0.0,0.0,0.0,0.0,0.0,0.0,0.0,0.0,0.0
2025-03-22 21:00:00+00:00,8.7978338,90.66666666666667,7.337699400000001,7.170368466666666,0.0,0.0,0.0,0.0,1004.0333333333333,990.7200200000001,89.0,5.666666666666667,66.33333333333333,84.33333333333333,0.0,0.108776072,6.458249466666667,19.125019333333334,139.69767666666667,48.682825333333334,12.119999566666666,,,7.7952517666666665,0.0,0.0,0.0,0.0,0.0,0.0,0.0,0.0,0.0,0.0,0.0,0.0,0.0
2025-03-22 22:00:00+00:00,8.247833,90.66666666666667,6.804610733333334,6.3425546666666675,0.0,0.0,0.0,0.0,1003.6666666666666,990.3324233333333,100.0,0.0,98.0,100.0,0.0,0.10382457333333334,7.496342466666666,22.141902666666667,132.386024,40.605018,14.28,,,7.254006333333334,0.0,0.0,0.0,0.0,0.0,0.0,0.0,0.0,0.0,0.0,0.0,0.0,0.0
2025-03-22 23:00:00+00:00,7.947833333333333,88.33333333333333,6.126376966666666,5.773829333333334,0.0,0.0,0.0,0.0,1003.5,990.1541166666666,100.0,0.0,100.0,87.0,0.00022886686666666667,0.12719597333333335,8.2687189,17.858934,133.524161,44.68300033333333,15.839999666666666,,,6.734210933333333,0.0,0.0,0.0,0.0,0.0,0.0,0.0,0.0,0.0,0.0,0.0,0.0,0.0
2025-03-23 00:00:00+00:00,7.614500333333333,89.33333333333333,5.966699566666667,5.4315796,0.0,0.0,0.0,0.0,1003.2333333333332,989.8751699999999,100.0,0.0,100.0,100.0,6.963559666666667e-05,0.11299308133333334,8.095069233333334,17.227249766666667,134.20829033333334,44.180229999999995,15.839999999999998,,,6.503776233333333,0.0,0.0,0.0,0.0,0.0,0.0,0.0,0.0,0.0,0.0,0.0,0.0,0.0
2025-03-23 01:00:00+00:00,7.397832999999999,90.0,5.861568666666667,5.259002066666667,0.0,0.0,0.0,0.0,1003.1666666666666,989.7989333333334,100.0,0.0,100.0,100.0,0.0,0.10418516366666668,7.6323798,17.751088333333332,128.3109443333333,38.24500033333333,15.719999833333333,,,6.354288866666667,0.0,0.0,0.0,0.0,0.0,0.0,0.0,0.0,0.0,0.0,0.0,0.0,0.0
2025-03-23 02:00:00+00:00,7.0311668,90.33333333333333,5.555130966666667,4.778463733333333,0.0,0.0,0.0,0.0,1002.9333333333334,989.5507666666666,100.0,0.0,100.0,100.0,0.0,0.09761160333333334,7.938147233333333,12.098885433333335,123.27169099999999,55.30555999999999,15.7199999,,,6.025851,0.0,0.0,0.0,0.0,0.0,0.0,0.0,0.0,0.0,0.0,0.0,0.0,0.0
2025-03-23 03:00:00+00:00,6.731166666666667,91.33333333333333,5.415383566666667,4.763763333333333,0.0,0.0,0.0,0.0,1003.0333333333333,989.63478,100.0,0.0,100.0,100.0,0.0,0.08560065466666666,5.768314433333333,7.883350833333334,123.66872766666667,180.205052,15.479999999999999,,,5.824178166666666,0.0,0.0,0.0,0.0,0.0,0.0,0.0,0.0,0.0,0.0,0.0,0.0,0.0
2025-03-23 04:00:00+00:00,6.4645000999999995,92.33333333333333,5.308211466666667,4.702575033333333,0.03333333333333333,0.03333333333333333,0.0,0.0,1003.1999999999999,989.7855333333333,100.0,0.0,100.0,100.0,0.0,0.07435375466666666,4.187610566666667,16.117407,311.9503466666667,236.66259666666667,11.879999666666668,,,5.653543466666666,0.0,0.0,0.0,0.0,0.0,0.0,0.0,0.0,0.0,0.0,0.0,0.0,0.0
2025-03-23 05:00:00+00:00,6.0978334,93.66666666666667,5.150957666666667,4.168816433333333,0.03333333333333333,0.03333333333333333,0.0,0.0,1003.5666666666666,990.1285666666666,100.0,15.333333333333334,82.0,97.66666666666667,0.0,0.05994697333333334,5.099572333333334,15.906614666666664,229.9022,242.81880333333334,9.839999666666666,,,5.413714033333334,0.0,0.0,0.0,0.0,0.0,0.0,0.0,0.0,0.0,0.0,0.0,0.0,0.0
2025-03-23 06:00:00+00:00,6.014500000000001,93.66666666666667,5.070506,4.0476103,0.06666666666666667,0.0,0.0,0.0,1004.4,990.9476666666666,99.66666666666667,25.0,94.66666666666667,67.66666666666667,0.010910632499999998,0.059431514,5.244237266666667,13.223287333333333,173.67468333333332,220.38090666666668,12.240000333333333,,,5.331010833333334,0.0,7.333333333333333,0.0,7.333333333333333,0.0,7.333333333333333,53.767539,17.38177633333333,0.0,17.38177633333333,0.0,8.211137833333334,127.42534833333333
2025-03-23 07:00:00+00:00,7.6145,88.66666666666667,5.862393566666667,5.772378333333333,0.20000000000000004,0.0,0.0,0.0,1004.7666666666668,991.3864966666666,95.33333333333333,33.333333333333336,88.66666666666667,59.333333333333336,0.030573692,0.11875178333333332,5.582402566666667,14.104971333333333,181.04270333333332,222.15871333333334,11.879999666666668,,,6.443767566666666,0.0,64.0,6.0,58.0,34.03603233333333,64.0,242.95491,93.66859833333332,8.784084333333334,84.88451333333333,49.82949566666667,93.66859833333332,355.60282333333333
2025-03-23 08:00:00+00:00,9.647832666666668,83.66666666666667,7.011116933333334,7.930652333333334,0.19999999999999998,0.0,0.0,0.0,1005.1333333333333,991.8433833333333,85.33333333333333,44.0,79.0,10.333333333333334,0.07174371033333334,0.19546773333333334,6.5644526999999995,16.843778666666665,200.07092333333333,225.05862000000002,15.36,,,7.951162666666668,1824.6121666666666,149.33333333333334,43.333333333333336,106.0,129.61898066666666,149.33332666666666,460.96575,181.68927466666665,52.710461666666674,128.97880999999998,157.6677533333333,181.68927133333332,560.9672666666667
2025-03-23 09:00:00+00:00,11.147833,78.33333333333333,7.4651543333333334,9.206248666666667,0.2333333333333333,0.0,0.0,0.0,1005.3333333333334,992.1090166666667,91.66666666666667,53.333333333333336,88.33333333333333,19.333333333333332,0.12338434799999999,0.2886517433333333,8.890973,19.126301333333334,228.88142000000002,220.63779999999997,20.039999666666667,,,8.865175666666667,2020.5040000000001,252.33333333333334,99.0,153.33333333333334,210.63431566666668,252.33333333333334,649.00068,283.6066333333333,111.24616033333332,172.36047666666664,236.68924333333334,283.6066333333333,729.5386866666666
2025-03-23 10:00:00+00:00,12.014499999999998,75.0,7.619862566666666,9.927951333333334,0.2333333333333333,0.0,0.0,0.0,1005.6333333333333,992.44257,93.66666666666667,63.333333333333336,88.66666666666667,33.0,0.14382164333333333,0.35879412,10.120202,17.303925333333332,235.39565333333334,216.45383,22.440000333333334,,,9.334049333333333,1200.0,267.6666666666667,98.33333333333333,169.33333333333334,171.23660933333335,267.6666666666667,794.2628466666666,286.35705666666667,105.18015866666667,181.17690666666667,183.159487,286.35705666666667,849.8476166666666
2025-03-23 11:00:00+00:00,13.081166666666666,71.33333333333333,7.816611166666665,10.953011166666668,0.16666666666666666,0.03333333333333333,0.0,0.0,1005.6999999999999,992.5545000000001,98.0,78.33333333333333,85.66666666666667,42.666666666666664,0.16062732000000002,0.45277982,10.729624000000001,15.096545800000001,236.15393666666668,220.77217,25.679999999999996,,,9.922050666666665,1200.0,275.6666666666667,111.0,164.66666666666666,173.1932846666667,275.6666666666667,886.8718166666667,283.97143,114.329739,169.6416866666667,178.38856633333333,283.97143,913.7157000000001
2025-03-23 12:00:00+00:00,13.814499666666668,64.33333333333333,7.045881333333334,11.3608965,0.03333333333333333,0.03333333333333333,0.0,0.0,1005.6666666666666,992.5561866666667,100.0,70.66666666666667,99.33333333333333,97.33333333333333,0.16641793666666668,0.5777569766666667,11.672153666666667,14.833965233333332,233.00519666666665,237.14542333333335,24.839999000000002,,,9.873183,1749.9715666666668,258.0,78.0,180.0,117.00804666666666,258.0,920.5373,256.9469933333333,77.67524999999999,179.27174333333332,116.52075933333333,256.9469933333333,916.8117333333333
2025-03-23 13:00:00+00:00,13.597833333333332,66.33333333333333,7.427138766666666,11.504213,0.10000000000000002,0.06666666666666667,0.0,0.0,1005.5666666666666,992.4497666666666,100.0,56.333333333333336,100.0,68.0,0.14224367666666668,0.5269242166666667,9.802901666666665,15.471448333333335,224.59369666666666,242.40773333333334,25.439999666666665,,,9.922547333333332,46.46492,211.33333333333334,25.333333333333332,186.0,39.045141,211.33333333333334,892.98819,203.28603666666666,24.368823666666668,178.91720999999998,37.558551666666666,203.28603666666666,858.9490366666668
2025-03-23 14:00:00+00:00,13.447833000000001,68.0,7.649963333333333,11.039972333333333,0.10000000000000002,0.10000000000000002,0.0,0.0,1005.8000000000001,992.6742800000001,99.33333333333333,56.333333333333336,97.66666666666667,34.333333333333336,0.14763371,0.49437301666666666,12.344811333333334,14.667503333333334,221.82740333333334,231.14132333333336,28.799999999999997,,,9.964750666666667,249.78683333333333,237.33333333333334,28.0,209.33333333333334,47.76213633333333,237.33333333333334,806.1266833333333,219.08998,25.84826933333333,193.24172,44.09166200000001,219.08998,744.0962499999999
2025-03-23 15:00:00+00:00,13.581166666666666,66.33333333333333,7.390532866666667,11.56548,0.13333333333333333,0.09999999999999999,0.0,0.0,1005.7666666666668,992.6488666666668,100.0,51.0,96.0,89.33333333333333,0.14080336333333335,0.5255965233333334,9.231323433333333,12.558454666666668,225.70573,236.06895,25.800000333333333,,,9.908752666666667,1507.7108166666667,233.33333333333334,62.666666666666664,170.66666666666666,129.088844,233.33333333333334,665.8978833333334,203.31048666666666,54.61094433333333,148.6995433333333,112.49449500000001,203.31048666666666,580.1070333333333
2025-03-23 16:00:00+00:00,13.614500333333332,65.66666666666667,7.275743566666667,11.784209666666667,0.03333333333333333,0.03333333333333333,0.0,0.0,1006.0333333333333,992.9132333333333,98.33333333333333,23.666666666666668,90.33333333333333,65.33333333333333,0.10904156,0.5364006,7.7802334,7.2802696,210.76505333333333,254.09860333333333,19.439999333333333,,,9.870998333333333,1711.2516666666668,172.66666666666666,38.666666666666664,134.0,110.079904,172.66666666666666,481.88632,135.547505,30.362410666666666,105.18509333333333,86.43825666666667,135.547505,378.1848233333333
2025-03-23 17:00:00+00:00,12.797833333333335,71.0,7.6521046,11.620786333333333,0.0,0.0,0.0,0.0,1006.3000000000001,993.1386000000001,88.0,18.0,61.666666666666664,53.666666666666664,0.051934677000000005,0.4290126566666667,3.933074566666667,3.501640666666667,185.13259000000002,296.5650733333334,16.319999499999998,,,9.676165333333334,1200.0,89.33333333333333,19.0,70.33333333333333,97.30989190000001,89.33333666666665,266.6592733333334,51.018814,10.878783533333333,40.14003,55.71616533333334,51.01881733333334,152.11849333333333
2025-03-23 18:00:00+00:00,11.064499666666668,76.33333333333333,7.0550523,9.741756833333334,0.0,0.0,0.0,0.0,1007.0,993.7481799999999,98.0,18.666666666666668,34.0,79.33333333333333,0.020508021666666668,0.31265582666666664,3.9391746333333337,2.1194283333333335,160.05962533333334,259.67877333333337,8.159999833333334,,,8.584542333333333,0.0,11.666666666666666,1.6666666666666667,10.0,18.045178,11.666666,66.29428,0.0,0.0,0.0,0.0,0.0,0.0
2025-03-23 19:00:00+00:00,9.5145,80.66666666666667,6.349648333333334,8.027127333333333,0.0,0.0,0.0,0.0,1007.5,994.1677366666667,77.33333333333333,15.666666666666666,29.666666666666668,57.666666666666664,0.0,0.23192083333333333,3.9709898,2.2647606000000002,158.04848,237.2187066666667,6.959999833333332,,,7.524702433333332,0.0,0.0,0.0,0.0,0.0,0.0,0.0,0.0,0.0,0.0,0.0,0.0,0.0
2025-03-23 20:00:00+00:00,7.881166666666666,87.0,5.8397353333333335,6.218906833333333,0.0,0.0,0.0,0.0,1008.0666666666666,994.64884,35.333333333333336,8.666666666666666,19.666666666666668,14.666666666666666,0.0,0.14145732,4.3944599,1.3708289333333334,154.44149666666667,38.52006866666667,7.799999666666667,,,6.542161866666667,0.0,0.3333333333333333,0.3333333333333333,0.0,0.3333333333333333,0.0,0.0,0.0,0.0,0.0,0.3333333333333333,0.0,0.0
2025-03-23 21:00:00+00:00,6.547833333333333,89.33333333333333,4.9156073000000005,4.7063058333333325,0.0,0.0,0.0,0.0,1008.4333333333334,994.9473133333335,58.666666666666664,8.0,13.666666666666666,47.666666666666664,0.0,0.10446347866666666,4.2711056,2.2647607,149.59373333333335,80.58757800000001,8.039999566666667,,,5.457892666666666,0.0,0.0,0.0,0.0,0.0,0.0,0.0,0.0,0.0,0.0,0.0,0.0,0.0
2025-03-23 22:00:00+00:00,5.481166666666667,90.66666666666667,4.074916,3.4746428666666667,0.0,0.0,0.0,0.0,1008.7666666666668,995.2247533333333,69.66666666666667,8.0,0.0,64.66666666666667,0.0,0.08497427033333334,4.217541466666666,3.1499206333333336,153.05367,79.66401333333333,8.039999666666667,,,4.528512066666667,0.0,0.0,0.0,0.0,0.0,0.0,0.0,0.0,0.0,0.0,0.0,0.0,0.0
2025-03-23 23:00:00+00:00,4.647833433333333,92.0,3.4572096,2.5789724666666665,0.0,0.0,0.0,0.0,1009.0333333333333,995.4472,67.33333333333333,13.0,0.0,57.333333333333336,0.0,0.06949720866666666,3.8085033999999998,2.8463395333333334,143.01143,67.38876333333333,7.440000266666668,,,3.821764,0.0,0.0,0.0,0.0,0.0,0.0,0.0,0.0,0.0,0.0,0.0,0.0,0.0
2025-03-24 00:00:00+00:00,3.8645,94.33333333333333,3.027571933333333,1.7458372233333332,0.0,0.0,0.0,0.0,1009.2333333333332,995.6055766666667,83.33333333333333,25.333333333333332,0.0,73.66666666666667,0.0,0.048821727333333335,3.5861125,2.413292323333333,139.23194333333333,64.22673353333333,6.5999998333333325,,,3.2449002,0.0,0.0,0.0,0.0,0.0,0.0,0.0,0.0,0.0,0.0,0.0,0.0,0.0
2025-03-24 01:00:00+00:00,3.3645,95.33333333333333,2.674880066666667,1.24275193,0.0,0.0,0.0,0.0,1009.4,995.7454199999999,79.33333333333333,28.666666666666668,5.333333333333333,69.0,0.0,0.040231704666666666,3.1536528333333336,3.1056736,135.00003333333333,331.15712,5.999999933333334,,,2.8321722333333335,0.0,0.0,0.0,0.0,0.0,0.0,0.0,0.0,0.0,0.0,0.0,0.0,0.0
2025-03-24 02:00:00+00:00,3.0478334,96.0,2.454679666666667,0.9809153500000001,0.0,0.0,0.0,0.0,1009.5,995.8283833333334,75.0,31.666666666666668,11.333333333333334,64.66666666666667,0.0,0.034826597,2.497998433333333,3.2529706666666667,131.23003666666668,328.7562766666667,5.399999966666666,,,2.5728623,0.0,0.0,0.0,0.0,0.0,0.0,0.0,0.0,0.0,0.0,0.0,0.0,0.0
2025-03-24 03:00:00+00:00,2.7811666333333336,97.0,2.3354748766666664,0.7647321466666667,0.0,0.0,0.0,0.0,1009.7333333333332,996.0457133333333,71.0,35.0,16.666666666666668,60.0,0.0,0.026445488200000002,1.9974099333333335,2.4639904,130.668448,316.4663233333333,4.799999833333334,,,2.3941563,0.0,0.0,0.0,0.0,0.0,0.0,0.0,0.0,0.0,0.0,0.0,0.0,0.0
2025-03-24 04:00:00+00:00,2.231166733333333,98.33333333333333,1.9870771666666667,0.18774906666666658,0.0,0.0,0.0,0.0,1010.1333333333333,996.4140000000001,79.66666666666667,47.0,32.0,69.33333333333333,0.0,0.014192482,1.7541468,2.8280734666666665,148.53372666666667,288.93317666666667,4.3199998,,,1.9634459633333332,0.0,0.0,0.0,0.0,0.0,0.0,0.0,0.0,0.0,0.0,0.0,0.0,0.0
2025-03-24 05:00:00+00:00,1.7145000133333335,99.66666666666667,1.6669263433333334,-0.4026572,0.0,0.0,0.0,0.0,1010.6999999999999,996.94835,88.66666666666667,58.333333333333336,48.0,79.33333333333333,0.0,0.0026556053333333333,1.8715509666666668,3.984279166666667,175.47656666666668,279.57346,3.8399998666666666,,,1.5650259633333334,0.0,0.0,0.0,0.0,0.0,0.0,0.0,0.0,0.0,0.0,0.0,0.0,0.0
2025-03-24 06:00:00+00:00,2.1144999666666666,99.66666666666667,2.0677528,0.057487180000000006,0.0,0.0,0.0,0.0,1011.1666666666666,997.4297866666666,97.33333333333333,70.33333333333333,63.333333333333336,88.66666666666667,0.0057174152,0.0022791425333333333,1.9138706666666667,4.621997666666666,194.29294000000002,273.59816,3.359999966666667,,,1.9693723,0.0,10.0,0.0,10.0,0.0,10.0,57.89902000000001,23.429768,0.0,23.429768,0.0,11.514057,135.67483333333334
2025-03-24 07:00:00+00:00,4.147833333333334,92.66666666666667,3.0651421666666665,2.3749401,0.0,0.0,0.0,0.0,1011.5666666666666,997.9257366666667,93.33333333333333,52.333333333333336,53.333333333333336,77.0,0.025631057,0.059984445666666664,1.1957669666666666,4.777917866666667,202.94620666666665,270.79181666666665,4.319999966666667,,,3.3908976,779.5540566666667,65.66666666666667,15.666666666666666,50.0,85.98513666666668,65.66666333333333,251.08630666666667,95.09549,22.701943,72.39354866666666,124.59835166666666,95.09548466666666,363.60785000000004
2025-03-24 08:00:00+00:00,7.114500133333333,83.0,4.408680166666667,5.6896591,0.0,0.0,0.0,0.0,1011.9,998.3992666666667,89.33333333333333,34.666666666666664,42.666666666666664,66.0,0.07639392533333333,0.17231738666666666,0.6077394333333334,5.607983233333333,261.14500333333336,266.69572,5.399999833333333,,,5.4320978,3144.5703,180.33333333333334,69.66666666666667,110.66666666666667,204.57557,180.33332,468.8214533333333,218.75252999999998,84.52211666666666,134.23041666666668,248.19823,218.75251666666668,568.6682866666666
2025-03-24 09:00:00+00:00,9.864500333333334,73.66666666666667,5.354222333333333,8.496839166666668,0.0,0.0,0.0,0.0,1012.0333333333333,998.66188,85.33333333333333,16.666666666666668,32.666666666666664,54.333333333333336,0.14917331,0.32287045666666664,1.5746074333333333,8.0191866,334.59981999999997,284.76402333333334,6.36,,,7.184542666666666,3600.0,319.0,149.66666666666666,169.33333333333334,313.70732,319.0,656.5313333333334,358.0656666666667,168.0077653333333,190.05790666666667,352.1506,358.0656666666667,736.8977066666666
2025-03-24 10:00:00+00:00,12.1145,66.0,5.917606166666666,10.536658666666666,0.0,0.0,0.0,0.0,1011.9333333333334,998.6682999999999,82.0,30.333333333333332,40.0,39.666666666666664,0.21842588333333332,0.48390018999999995,3.8549568666666665,8.913217666666666,233.439872,301.1473733333333,10.919999333333331,,,8.521835000000001,3600.0,437.0,237.33333333333334,199.66666666666666,407.37866333333335,437.0,801.4419133333334,467.2297766666666,253.76440666666667,213.46536333333333,435.58189999999996,467.2297766666666,856.8499133333333
2025-03-24 11:00:00+00:00,14.164499333333334,59.333333333333336,6.3129965666666665,12.345051500000002,0.0,0.0,0.0,0.0,1011.6666666666666,998.49898,79.0,44.0,47.666666666666664,25.666666666666668,0.2752515833333333,0.6601087,6.5241603999999995,8.411941333333333,121.36471066666667,303.88484666666665,15.360000166666666,,,9.686820666666668,3600.0,520.0,318.6666666666667,201.33333333333334,490.3763166666667,520.0,893.6967666666666,535.5386333333333,328.20369999999997,207.33492333333334,505.05185,535.5386333333333,920.3706433333333
2025-03-24 12:00:00+00:00,15.597833333333334,54.666666666666664,6.473302666666666,13.605504333333334,0.0,0.0,0.0,0.0,1011.4666666666667,998.36633,75.66666666666667,57.666666666666664,55.0,11.0,0.3049520233333333,0.8056459633333333,8.810104866666668,10.211557333333333,123.11021899999999,291.1192633333333,19.919999666666666,,,10.443524,3600.0,548.6666666666666,355.6666666666667,193.0,527.5034966666667,548.6666666666666,927.0296,546.3911933333333,354.20635666666664,192.18484666666666,525.3372266666667,546.3911933333333,923.15265
2025-03-24 13:00:00+00:00,16.231166333333334,52.666666666666664,6.529444000000001,13.908375,0.0,0.0,0.0,0.0,1011.3000000000001,998.23009,76.66666666666667,48.333333333333336,57.666666666666664,14.666666666666666,0.29287941333333334,0.8751793233333333,10.237781666666667,11.02194,121.412109,302.68200666666667,21.36,,,10.768662666666666,3600.0,504.0,317.6666666666667,186.33333333333334,485.60332666666665,504.0,899.1926666666667,484.87305,305.62422,179.24885000000003,467.1941,484.87305,865.0309333333333
2025-03-24 14:00:00+00:00,16.264499999999998,53.666666666666664,6.8429812000000005,13.828605166666668,0.0,0.0,0.0,0.0,1011.1666666666666,998.0995433333333,77.0,38.333333333333336,61.0,18.0,0.24855799999999997,0.85794658,11.184462000000002,18.249322,120.59662166666665,350.61185333333333,22.679999999999996,,,10.916947666666667,3600.0,407.6666666666667,235.33333333333334,172.33333333333334,398.19041,407.6666566666667,812.1069133333334,376.50863,217.35792666666669,159.15071666666665,367.7750833333334,376.50862,749.99161
2025-03-24 15:00:00+00:00,15.847833333333334,55.666666666666664,6.993893233333334,13.510698333333332,0.0,0.0,0.0,0.0,1011.2333333333332,998.1462700000001,78.0,29.0,63.666666666666664,21.666666666666668,0.19448510666666666,0.7991172533333334,10.7509906,16.208852,241.34067033333335,352.56853333333333,24.11999966666667,,,10.783508,3600.0,305.3333333333333,160.0,145.33333333333334,327.2054533333333,305.3333333333333,671.7343,266.34432666666663,139.57922499999998,126.76511466666666,285.44367,266.34432666666663,585.9017466666667
2025-03-24 16:00:00+00:00,14.914499999999999,60.666666666666664,7.377424866666666,12.979107666666666,0.0,0.0,0.0,0.0,1011.6333333333333,998.49892,67.0,21.0,56.666666666666664,14.666666666666666,0.13351042666666665,0.6678877999999999,8.629138,12.725961766666666,124.38235276666667,111.79467406666667,19.079998666666665,,,10.5134545,3600.0,212.0,105.66666666666667,106.33333333333333,297.65256,212.00001,487.66808,166.94951333333333,83.22232866666667,83.72718333333334,234.42780000000002,166.94952333333333,383.9711633333333
2025-03-24 17:00:00+00:00,13.531166333333333,66.66666666666667,7.445970066666667,12.085011666666666,0.0,0.0,0.0,0.0,1012.2000000000002,998.9952333333334,55.666666666666664,13.333333333333334,49.666666666666664,7.0,0.06591823633333334,0.5180067166666666,5.391310266666667,15.377063999999999,130.91174966666668,131.11452533333332,13.6799995,,,9.899998666666667,3600.0,116.33333333333333,56.666666666666664,59.666666666666664,285.73275,116.33332666666666,272.4790966666667,67.48729533333334,32.884425666666665,34.60286833333333,165.80876666666668,67.48729,157.98891
2025-03-24 18:00:00+00:00,12.164500333333335,73.33333333333333,7.5284498,11.088406999999998,0.0,0.0,0.0,0.0,1012.8333333333334,999.55737,44.666666666666664,5.333333333333333,42.666666666666664,0.0,0.0061860077333333345,0.3798765333333334,2.9954781999999995,16.559392,151.385053,144.67862866666667,8.640000200000001,,,9.318092666666667,668.9060566666667,29.0,14.0,15.0,149.0352366666667,28.99999733333333,69.23000866666666,0.0,0.0,0.0,0.0,0.0,0.0
2025-03-24 19:00:00+00:00,10.897833666666665,79.0,7.379550900000001,9.942602500000001,0.0,0.0,0.0,0.0,1013.5333333333333,1000.1895133333333,47.333333333333336,4.666666666666667,45.666666666666664,0.0,0.0,0.27714681,1.9137452266666666,10.302381466666667,101.75746316666668,152.45487599999998,7.800000333333333,,,8.684311333333333,0.0,0.0,0.0,0.0,0.0,0.0,0.0,0.0,0.0,0.0,0.0,0.0,0.0
2025-03-24 20:00:00+00:00,9.647833666666665,84.0,7.042266733333332,8.478103333333333,0.0,0.0,0.0,0.0,1014.3000000000001,1000.8874999999999,50.666666666666664,4.0,48.666666666666664,0.0,0.0,0.19678538999999998,2.8252487,5.761249666666667,145.23883,299.6021733333333,6.84,,,7.971017833333334,0.0,0.0,0.0,0.0,0.0,0.0,0.0,0.0,0.0,0.0,0.0,0.0,0.0
2025-03-24 21:00:00+00:00,8.4645,88.33333333333333,6.6068020333333335,7.072049466666667,0.0,0.0,0.0,0.0,1014.9333333333334,1001.45638,53.333333333333336,3.3333333333333335,51.666666666666664,0.0,0.0,0.13438276500000002,3.6470518000000003,6.802856333333334,158.76344166666667,332.13141666666667,6.0,,,7.2374151,0.0,0.0,0.0,0.0,0.0,0.0,0.0,0.0,0.0,0.0,0.0,0.0,0.0
2025-03-24 22:00:00+00:00,7.3811670000000005,91.33333333333333,6.040610133333334,5.848920500000001,0.0,0.0,0.0,0.0,1015.3666666666667,1001.8318366666666,48.333333333333336,8.333333333333334,38.333333333333336,4.666666666666667,0.0,0.09217800633333334,3.718704466666667,9.708904666666667,154.73659833333332,346.00560333333334,6.0,,,6.461018566666667,0.0,0.0,0.0,0.0,0.0,0.0,0.0,0.0,0.0,0.0,0.0,0.0,0.0
2025-03-24 23:00:00+00:00,6.414500133333334,93.0,5.3594899,4.7894265,0.0,0.0,0.0,0.0,1015.7333333333332,1002.1468433333333,43.666666666666664,13.333333333333334,25.333333333333332,9.666666666666666,0.0,0.06854462666666666,3.3292327000000004,14.640209666666665,137.99084666666667,340.99758,5.999999933333334,,,5.663678166666667,0.0,0.0,0.0,0.0,0.0,0.0,0.0,0.0,0.0,0.0,0.0,0.0,0.0
2025-03-25 00:00:00+00:00,5.597833333333334,94.66666666666667,4.808851533333333,3.8838839333333333,0.0,0.0,0.0,0.0,1016.0333333333333,1002.4029133333333,38.666666666666664,18.333333333333332,12.0,14.333333333333334,0.0,0.048839151666666664,3.144224466666667,16.107706333333333,128.258368,344.8570333333334,5.999999833333334,,,5.008387166666666,0.0,0.0,0.0,0.0,0.0,0.0,0.0,0.0,0.0,0.0,0.0,0.0,0.0
2025-03-25 01:00:00+00:00,5.031166766666666,96.33333333333333,4.494612333333333,3.2739184333333333,0.0,0.0,0.0,0.0,1016.3000000000001,1002.6382866666667,51.0,31.333333333333332,20.0,9.666666666666666,0.0,0.03216026266666667,2.9971602333333336,13.544588666666668,130.63341333333332,233.1136776666667,5.52,,,4.5971105,0.0,0.0,0.0,0.0,0.0,0.0,0.0,0.0,0.0,0.0,0.0,0.0,0.0
2025-03-25 02:00:00+00:00,4.631166666666666,97.33333333333333,4.242973766666666,2.8594988333333333,0.0,0.0,0.0,0.0,1016.5333333333333,1002.84911,62.666666666666664,44.0,27.666666666666668,4.666666666666667,0.0,0.022646784666666666,2.7459808666666667,12.316815666666665,146.85599133333332,4.540441266666667,4.8,,,4.2889086333333335,0.0,0.0,0.0,0.0,0.0,0.0,0.0,0.0,0.0,0.0,0.0,0.0,0.0
2025-03-25 03:00:00+00:00,4.3311668,98.66666666666667,4.137419933333334,2.5488057,0.0,0.0,0.0,0.0,1016.8333333333334,1003.1306466666666,75.0,57.0,35.666666666666664,0.0,0.0,0.01103876,2.672094466666666,11.859956333333335,158.44874000000002,243.96288166666668,4.319999800000001,,,4.109608633333333,0.0,0.0,0.0,0.0,0.0,0.0,0.0,0.0,0.0,0.0,0.0,0.0,0.0
2025-03-25 04:00:00+00:00,3.7645,99.33333333333333,3.6688503333333333,1.9164481,0.0,0.0,0.0,0.0,1017.1999999999999,1003.4647033333334,83.33333333333333,66.66666666666667,42.333333333333336,33.0,0.0,0.005347768403096666,2.4803788,12.106819,160.44288333333336,241.83407366666665,4.679999899999999,,,3.5995982000000004,0.0,0.0,0.0,0.0,0.0,0.0,0.0,0.0,0.0,0.0,0.0,0.0,0.0
2025-03-25 05:00:00+00:00,3.2978333,100.0,3.2978333,1.39408175,0.0,0.0,0.0,0.0,1017.6,1003.83668,91.66666666666667,76.0,49.0,67.0,0.0,0.0,2.369045126666667,16.16311,153.08207666666667,10.343642666666666,5.279999766666667,,,3.189613833333334,0.0,0.0,0.0,0.0,0.0,0.0,0.0,0.0,0.0,0.0,0.0,0.0,0.0
2025-03-25 06:00:00+00:00,3.6478333333333333,99.66666666666667,3.6002028999999998,1.8085503666666665,0.0,0.0,0.0,0.0,1017.9666666666667,1004.2159233333333,100.0,85.66666666666667,55.666666666666664,100.0,0.0075407548000000005,0.002683282,2.3230182333333333,19.382191666666667,143.85496233333333,12.166083,5.6399997,,,3.5119931,0.0,9.0,0.0,9.0,0.0,9.0,61.997636,20.885436333333335,0.0,20.885436333333335,0.0,10.6157425,143.86093333333335
2025-03-25 07:00:00+00:00,5.414500100000001,94.0,4.525251233333333,3.7575716666666668,0.0,0.0,0.0,0.0,1018.3666666666667,1004.6972566666667,100.0,63.666666666666664,70.33333333333333,100.0,0.024956512333333333,0.05416796566666667,2.3385931233333332,19.452712000000002,255.70703666666668,13.010822333333332,6.239999733333334,,,4.764981266666666,0.0,53.333333333333336,5.0,48.333333333333336,26.578056333333336,53.333333333333336,259.1491633333333,76.47798999999999,7.1743334333333335,69.303655,38.13614533333333,76.47798999999999,371.53882666666664
2025-03-25 08:00:00+00:00,8.031166333333333,86.33333333333333,5.884048166666666,6.689926833333334,0.0,0.0,0.0,0.0,1018.7666666666668,1005.2182233333333,100.0,41.333333333333336,84.66666666666667,100.0,0.06466527333333334,0.14756773,2.1730290333333335,19.331457333333333,254.32845333333333,12.979590333333334,6.72,,,6.630587233333333,271.41720233333336,139.33333333333334,21.666666666666668,117.66666666666667,62.546096666666664,139.33333333333334,476.5981733333333,168.49201666666667,26.205397,142.28662333333332,75.64818,168.49201666666667,576.28712
2025-03-25 09:00:00+00:00,10.447833000000001,78.66666666666667,6.890814333333334,9.310408333333333,0.0,0.0,0.0,0.0,1018.9666666666667,1005.5300000000001,100.0,19.333333333333332,99.33333333333333,100.0,0.11986257,0.2709386933333333,2.3713111,17.543210666666667,253.60506999999998,16.775326333333336,7.32,,,8.226395,1078.9820366666665,242.33333333333334,46.333333333333336,196.0,95.96606666666666,242.33333333333334,663.9761666666667,271.6150833333333,51.936254999999996,219.67882999999998,107.57078866666667,271.6150833333333,744.1685200000001
2025-03-25 10:00:00+00:00,12.397833666666665,71.0,7.278730666666667,11.281651666666667,0.0,0.0,0.0,0.0,1018.7666666666668,1005.4238333333333,100.0,19.0,99.66666666666667,100.0,0.17684493666666667,0.41860443333333336,2.860311433333333,13.589039,255.57853333333333,15.165647,8.639999566666667,,,9.299929666666667,2043.5883000000001,337.3333333333333,75.33333333333333,262.0,128.11961,337.3333333333333,808.5309466666668,360.38707666666664,80.485714,279.9013466666667,136.882155,360.38707666666664,863.7610466666666
2025-03-25 11:00:00+00:00,14.164499666666666,63.333333333333336,7.293626233333334,12.942833666666667,0.0,0.0,0.0,0.0,1018.3666666666667,1005.1105533333333,100.0,18.0,99.66666666666667,100.0,0.22707984333333334,0.5935363833333334,3.6024871,10.2727952,259.65764333333334,8.5189806,9.959999999999999,,,10.124403000000001,2648.181,412.0,103.66666666666667,308.3333333333333,158.30372,412.0,900.4303233333334,424.13536999999997,106.724215,317.41114,162.972588,424.13536999999997,926.9348533333333
2025-03-25 12:00:00+00:00,15.514499666666666,56.666666666666664,6.940834533333334,14.119831,0.0,0.0,0.0,0.0,1017.9666666666667,1004.7774433333334,100.0,17.666666666666668,100.0,100.0,0.25831106333333337,0.7648570333333332,4.2028456,8.510801200000001,267.67577666666665,217.61553300000003,11.2799995,,,10.601999333333334,3087.0707333333335,450.6666666666667,122.0,328.6666666666667,179.71888333333334,450.6666666666667,933.4331000000001,448.7289633333333,121.47914733333333,327.2498233333333,178.95142333333334,448.7289633333333,929.4068833333334
2025-03-25 13:00:00+00:00,16.44783333333333,52.0,6.553759333333333,14.8629455,0.0,0.0,0.0,0.0,1017.5666666666666,1004.4248466666667,100.0,23.333333333333332,96.33333333333333,100.0,0.2619374033333333,0.8991369833333334,4.8857679,9.800237333333333,281.2299566666667,181.67185100000003,12.239999333333335,,,10.881186666666666,3427.4121333333333,441.3333333333333,124.33333333333333,317.0,188.87271,441.3333333333333,905.3133833333333,424.62732,119.62940866666668,304.99791666666664,181.72682999999998,424.62732,871.0330566666667
2025-03-25 14:00:00+00:00,16.997833666666665,49.333333333333336,6.2951077,15.2264355,0.0,0.0,0.0,0.0,1017.1666666666666,1004.0547866666666,100.0,28.666666666666668,91.66666666666667,100.0,0.24012093,0.9825794499999999,5.7602012,12.852383666666668,293.77244666666667,169.90166533333334,13.200000000000001,,,11.036539,3596.5191333333332,389.0,112.33333333333333,276.6666666666667,188.9024433333333,389.0,818.0120866666666,359.4283433333333,103.79468866666667,255.63364666666666,174.54337,359.4283433333333,755.8166666666666
2025-03-25 15:00:00+00:00,16.981167333333335,48.666666666666664,6.086075999999999,15.099819000000002,0.0,0.0,0.0,0.0,1016.9,1003.7907966666667,100.0,34.333333333333336,88.0,100.0,0.19727246333333334,0.9943929866666666,6.184233,14.697898,300.21462333333335,166.60935433333336,14.159999499999998,,,10.941718,3477.0581,307.3333333333333,86.66666666666667,220.66666666666666,175.99226333333334,307.3333333333333,677.50522,268.38656,75.68367166666667,192.70289,153.68891666666664,268.38656,591.6369
2025-03-25 16:00:00+00:00,16.0645,52.0,6.2056832,14.310251333333333,0.0,0.0,0.0,0.0,1016.9,1003.7498233333334,96.66666666666667,38.0,84.33333333333333,91.33333333333333,0.13288628333333333,0.8773147,5.492606433333333,14.456952999999999,301.85844,161.88078733333333,12.239999666666668,,,10.549436666666667,2353.823,203.0,49.666666666666664,153.33333333333334,138.46076666666667,203.0,493.3957533333333,160.34717,39.23150166666667,121.11566799999999,109.36896,160.34717,389.7097866666666
2025-03-25 17:00:00+00:00,14.597833333333334,58.0,6.422970133333333,13.056118,0.0,0.0,0.0,0.0,1017.1,1003.8807766666665,93.0,41.333333333333336,80.33333333333333,83.0,0.06710187499999999,0.6990707,4.3778103,13.175586000000001,305.2066966666667,154.210074,10.199999333333333,,,9.935521333333334,866.7364766666666,99.66666666666667,18.0,81.66666666666667,88.89121499999999,99.66666666666667,278.25766,58.690609333333335,10.603044333333335,48.087565000000005,52.36048333333334,58.690609333333335,163.82393666666667
2025-03-25 18:00:00+00:00,13.514499999999998,62.333333333333336,6.4433514333333335,12.0617685,0.0,0.0,0.0,0.0,1017.2333333333332,1003.9630000000001,89.66666666666667,45.0,76.66666666666667,74.33333333333333,0.021334857666666665,0.5850208499999999,3.8033364000000005,11.338219333333333,187.87646433333336,150.46918466666668,8.2799999,,,9.425859,0.0,23.333333333333332,3.0,20.333333333333332,31.185430666666665,23.333332666666667,72.14596666666667,0.0,0.0,0.0,0.0,0.0,0.0
2025-03-25 19:00:00+00:00,12.051499999999999,76.0,7.9495689,10.676079,0.0,0.0,0.0,0.0,1016.5666666666666,1003.2382133333334,98.0,56.666666666666664,94.66666666666667,65.33333333333333,0.0026563883333333336,0.33835244,5.7732920666666665,9.062694666666667,153.30664666666667,160.39220600000002,13.559999666666668,,,9.487019333333333,0.0,0.0,0.0,0.0,0.0,0.0,0.0,0.0,0.0,0.0,0.0,0.0,0.0
2025-03-25 20:00:00+00:00,11.284833333333333,78.33333333333333,7.649561933333334,9.859483666666668,0.0,0.0,0.0,0.0,1017.1,1003.7293133333333,97.33333333333333,59.666666666666664,94.0,75.33333333333333,0.0007651880666666666,0.29072189,5.603973066666666,9.064185466666666,145.63026866666667,205.74864933333333,13.799999999999999,,,8.993193333333332,0.0,0.0,0.0,0.0,0.0,0.0,0.0,0.0,0.0,0.0,0.0,0.0,0.0
2025-03-25 21:00:00+00:00,10.618166666666667,79.66666666666667,7.2472007666666665,9.158536,0.0,0.0,0.0,0.0,1017.5333333333333,1004.1258133333334,97.33333333333333,63.0,93.33333333333333,85.33333333333333,0.0,0.2614063133333333,5.162943133333333,11.481816333333333,138.04508,224.58004413333333,13.679999333333333,,,8.487446433333334,0.0,0.0,0.0,0.0,0.0,0.0,0.0,0.0,0.0,0.0,0.0,0.0,0.0
2025-03-25 22:00:00+00:00,10.034833333333333,81.33333333333333,6.9821371999999995,8.633424666666667,0.0,0.0,0.0,0.0,1017.7000000000002,1004.2630333333333,98.0,55.666666666666664,90.66666666666667,90.0,0.0,0.23065980333333333,4.334137233333333,11.883820666666667,136.667,233.2553663333333,11.160000000000002,,,8.0919079,0.0,0.0,0.0,0.0,0.0,0.0,0.0,0.0,0.0,0.0,0.0,0.0,0.0
2025-03-25 23:00:00+00:00,9.584833333333334,82.0,6.662373466666668,8.266991866666666,0.0,0.0,0.0,0.0,1017.7000000000002,1004.24178,99.33333333333333,48.666666666666664,88.66666666666667,95.33333333333333,0.0,0.21556451000000001,3.2485577666666665,11.539797,136.31504666666666,3.3664001666666667,8.52,,,7.723884333333334,0.0,0.0,0.0,0.0,0.0,0.0,0.0,0.0,0.0,0.0,0.0,0.0,0.0
2025-03-26 00:00:00+00:00,9.184832666666667,83.0,6.447581899999999,7.936478,0.0,0.0,0.0,0.0,1017.7000000000002,1004.2228233333334,100.0,41.333333333333336,86.0,100.0,0.0,0.19815385333333335,2.4253323666666664,11.090380333333334,134.92010000000002,128.99716533333333,6.0,,,7.434070899999999,0.0,0.0,0.0,0.0,0.0,0.0,0.0,0.0,0.0,0.0,0.0,0.0,0.0
2025-03-26 01:00:00+00:00,8.8515,83.66666666666667,6.2360179,7.546242100000001,0.03333333333333333,0.03333333333333333,0.0,0.0,1017.7666666666668,1004.2723366666665,100.0,49.0,90.66666666666667,100.0,0.0,0.1864334533333333,2.468199266666667,10.445250333333332,141.85195133333335,127.34304666666667,5.760000000000001,,,7.17424,0.0,0.0,0.0,0.0,0.0,0.0,0.0,0.0,0.0,0.0,0.0,0.0,0.0
2025-03-26 02:00:00+00:00,8.568166666666665,84.0,6.0152584000000004,7.1724847333333335,0.03333333333333333,0.03333333333333333,0.0,0.0,1017.7666666666668,1004.2581333333334,100.0,56.333333333333336,95.33333333333333,100.0,0.0,0.17903554666666666,2.7410692,9.6284344,150.50255666666666,122.40297333333335,5.640000000000001,,,6.931697233333334,0.0,0.0,0.0,0.0,0.0,0.0,0.0,0.0,0.0,0.0,0.0,0.0,0.0
2025-03-26 03:00:00+00:00,8.351499333333335,84.66666666666667,5.914482466666667,6.892080766666666,0.03333333333333333,0.03333333333333333,0.0,0.0,1017.8666666666667,1004.346,100.0,64.0,100.0,100.0,0.0,0.16891358666666667,3.028663033333333,9.507339333333332,146.30990933333334,357.82676666666663,5.3999998666666675,,,6.785747000000001,0.0,0.0,0.0,0.0,0.0,0.0,0.0,0.0,0.0,0.0,0.0,0.0,0.0
2025-03-26 04:00:00+00:00,8.1015,86.66666666666667,6.0075688666666665,6.6876259000000005,0.10000000000000002,0.10000000000000002,0.0,0.0,1017.9666666666667,1004.4323333333333,100.0,75.66666666666667,90.0,100.0,0.0,0.14418107333333333,2.8642150666666666,10.547395666666667,147.69351333333336,354.40613666666667,5.879999533333333,,,6.732752733333332,0.0,0.0,0.0,0.0,0.0,0.0,0.0,0.0,0.0,0.0,0.0,0.0,0.0
2025-03-26 05:00:00+00:00,7.9848333333333334,87.66666666666667,6.0593754,6.626209866666667,0.10000000000000002,0.10000000000000002,0.0,0.0,1018.1333333333333,1004.591,100.0,87.66666666666667,79.66666666666667,100.0,0.0,0.13210891,2.5708527333333335,12.215346333333335,144.443476,353.16082000000006,6.359999533333333,,,6.714254333333334,0.0,0.0,0.0,0.0,0.0,0.0,0.0,0.0,0.0,0.0,0.0,0.0,0.0
2025-03-26 06:00:00+00:00,8.134833333333333,88.0,6.264954800000001,6.769859866666667,0.10000000000000002,0.10000000000000002,0.0,0.0,1018.3333333333334,1004.7950000000001,100.0,99.33333333333333,69.66666666666667,100.0,0.017748971666666665,0.12991881333333333,2.9298902666666664,13.275419666666666,130.61415,352.29159333333337,6.839999866666666,,,6.892154333333334,0.0,3.0,0.0,3.0,0.0,3.0,66.05818333333333,6.902172133333333,0.0,6.902172133333333,0.0,3.618612466666667,151.97403
2025-03-26 07:00:00+00:00,8.834832666666665,85.0,6.450666466666667,7.3329971,0.0,0.0,0.0,0.0,1018.6,1005.0917166666667,98.0,97.0,58.333333333333336,70.33333333333333,0.02733531733333333,0.17064853666666666,4.1524329,13.321395,122.26720200000001,354.13582333333335,10.439999333333333,,,7.2870756666666665,0.0,21.666666666666668,2.3333333333333335,19.333333333333332,12.017683333333332,21.666666666666668,267.13317333333333,30.762270666666666,3.307139333333333,27.45513166666667,17.033208333333334,30.762270666666666,379.38664
2025-03-26 08:00:00+00:00,9.834832666666665,80.33333333333333,6.600995433333334,8.108593333333333,0.0,0.0,0.0,0.0,1018.8000000000001,1005.3363266666667,95.66666666666667,95.33333333333333,46.666666666666664,39.666666666666664,0.05050549666666667,0.23981865333333333,5.928446533333333,12.737530999999999,115.54639999999999,117.98057,14.159999333333332,,,7.8015744,311.9345666666667,66.0,11.333333333333334,54.666666666666664,32.28809913333333,66.0,484.28755666666666,79.55125333333332,13.653636533333334,65.897615,38.898514133333336,79.55125333333332,583.8146066666667
2025-03-26 09:00:00+00:00,10.868166666666667,75.0,6.588306766666666,8.915439833333332,0.0,0.0,0.0,0.0,1018.9,1005.4835666666668,93.66666666666667,93.0,35.333333333333336,10.0,0.08393518,0.3267926666666667,7.477318400000001,12.095894,352.73283999999995,118.71634293333335,17.76,,,8.263758866666668,964.2651333333333,129.0,30.666666666666668,98.33333333333333,63.04378533333334,129.0,671.3274033333333,144.36266666666668,34.312235666666666,110.05043,70.53821333333333,144.36266666666668,751.3436
2025-03-26 10:00:00+00:00,11.884833333333333,68.0,6.137559200000001,9.737878,0.0,0.0,0.0,0.0,1018.6999999999999,1005.3337666666666,91.33333333333333,88.33333333333333,31.666666666666668,6.666666666666667,0.12479844,0.44721479000000003,8.102961333333333,11.329070333333334,343.2726333333333,352.14270000000005,19.31999933333333,,,8.516128666666667,1200.0,204.0,68.0,136.0,115.04726000000001,204.0,815.5231866666667,217.75808666666663,72.579358,145.17874333333333,122.79486666666666,217.75808666666663,870.5750333333334
2025-03-26 11:00:00+00:00,12.918166333333334,60.333333333333336,5.388765266666667,10.526164666666666,0.0,0.0,0.0,0.0,1018.3000000000001,1004.9867,89.0,82.66666666666667,28.333333333333332,3.3333333333333335,0.16996586,0.5930526833333333,8.643147,10.648154333333334,334.14204,342.09802999999994,21.119999333333332,,,8.676173333333333,1693.21122,282.3333333333333,117.0,165.33333333333334,177.93278333333333,282.3333333333333,907.0673233333333,290.51807333333335,120.38497866666667,170.13309666666666,183.08052666666666,290.51807333333335,933.40375
2025-03-26 12:00:00+00:00,13.701499666666665,53.666666666666664,4.442063766666666,11.020406333333334,0.0,0.0,0.0,0.0,1017.9333333333334,1004.6610599999999,86.66666666666667,78.0,24.666666666666668,0.0,0.20613064666666667,0.7285308,9.260538666666667,10.355530333333332,329.44107333333335,332.01584333333335,22.679999,,,8.671360333333334,2567.6516666666666,339.6666666666667,156.66666666666666,183.0,229.89345333333335,339.6666666666667,939.74293,338.1474666666667,155.95975333333334,182.18771333333333,228.85598333333334,338.1474666666667,935.5704333333333
2025-03-26 13:00:00+00:00,14.218166666666667,48.333333333333336,3.4389434333333333,11.287337333333333,0.0,0.0,0.0,0.0,1017.5666666666666,1004.32316,82.66666666666667,67.0,36.666666666666664,0.0,0.22448353333333335,0.8392690666666667,9.607289199999999,9.704418666666667,334.24759,326.11724,23.399998999999998,,,8.542772666666666,3600.0,363.3333333333333,176.33333333333334,187.0,266.6192866666667,363.3333333333333,911.3468433333334,349.61348,169.67027333333334,179.94321333333335,256.54443999999995,349.61348,876.9519799999999
2025-03-26 14:00:00+00:00,14.451500000000001,44.666666666666664,2.5527089000000003,11.291472,0.0,0.0,0.0,0.0,1017.1666666666666,1003.9392866666667,78.33333333333333,55.0,48.0,0.0,0.22296346333333336,0.9119731333333333,10.034420333333333,9.022187333333333,340.97487666666666,319.24736666666666,24.359998333333333,,,8.335536666666666,3600.0,351.0,175.0,176.0,292.44324,351.0,823.8386999999999,324.4665433333334,161.76856,162.69799666666668,270.3318733333333,324.4665433333334,761.5685466666667
2025-03-26 15:00:00+00:00,14.184833333333332,44.0,2.0996702,11.007845666666666,0.0,0.0,0.0,0.0,1017.0,1003.76298,74.33333333333333,44.0,60.0,0.0,0.19404333666666665,0.9072013999999999,9.595023733333333,8.621796666666667,347.6821166666667,313.75019333333336,25.079997666666667,,,8.038639133333332,3600.0,298.0,148.0,150.0,298.02591333333334,298.0,683.2089133333334,260.53390333333334,129.39158333333333,131.1423166666667,260.55409000000003,260.53390333333334,597.3106666666667
2025-03-26 16:00:00+00:00,13.051499999999999,48.666666666666664,2.4799362666666664,10.167138666666666,0.0,0.0,0.0,0.0,1017.2000000000002,1003.9081866666666,73.33333333333333,34.333333333333336,61.666666666666664,0.0,0.13618779333333333,0.7725494133333334,8.054577,9.075244,113.15349846666665,311.15984,21.479999333333335,,,7.5855284,3600.0,208.66666666666666,98.33333333333333,110.33333333333333,270.95404,208.66666666666666,499.0680666666667,165.32526333333334,77.90865000000001,87.41661666666666,214.67409999999998,165.32526333333334,395.39914
2025-03-26 17:00:00+00:00,11.334833000000001,56.666666666666664,3.0272094333333333,8.871762,0.0,0.0,0.0,0.0,1017.5333333333333,1004.1572,73.33333333333333,24.333333333333332,63.666666666666664,0.0,0.07005454333333333,0.5829509533333334,5.8581783,9.970436666666666,122.64281800000002,309.67141,17.999998666666666,,,6.896411533333333,3600.0,109.33333333333333,46.666666666666664,62.666666666666664,225.86577,109.33334333333335,283.99311,65.31137666666666,27.877526,37.433850666666665,134.92551333333333,65.31138333333332,169.62228000000002
2025-03-26 18:00:00+00:00,9.884832333333334,63.333333333333336,3.2324936333333336,7.714513,0.0,0.0,0.0,0.0,1017.9,1004.45046,72.33333333333333,14.666666666666666,65.33333333333333,0.0,0.018326894,0.4483632133333333,4.113890033333333,10.263429333333335,136.31504666666666,309.28506666666664,14.399999333333334,,,6.2278061,407.31352666666663,27.0,10.333333333333334,16.666666666666668,105.239032,26.999996666666664,75.042255,0.0,0.0,0.0,0.0,0.0,0.0
2025-03-26 19:00:00+00:00,8.984833333333334,65.66666666666667,2.8925781333333336,6.9158182,0.0,0.0,0.0,0.0,1018.1666666666666,1004.6707333333334,75.0,21.666666666666668,68.0,0.0,0.0003709642,0.39526834666666666,2.980805266666667,9.986167666666667,149.28671533333332,310.58793,10.68,,,5.620057666666667,0.0,0.0,0.0,0.0,0.0,0.0,0.0,0.0,0.0,0.0,0.0,0.0,0.0
2025-03-26 20:00:00+00:00,8.318166666666666,66.66666666666667,2.4760301,6.3024317,0.0,0.0,0.0,0.0,1018.4333333333334,1004.9019499999999,76.66666666666667,29.0,70.66666666666667,0.0,0.0,0.36647657333333333,2.0973778,9.633989000000001,167.14491,311.48812,6.839999866666666,,,5.098381033333333,0.0,0.0,0.0,0.0,0.0,0.0,0.0,0.0,0.0,0.0,0.0,0.0,0.0
2025-03-26 21:00:00+00:00,7.6348336,68.33333333333333,2.1709035,5.6085079,0.0,0.0,0.0,0.0,1018.6333333333333,1005.0667666666667,79.33333333333333,36.0,73.33333333333333,0.0,0.0,0.33205715666666663,1.8032441666666668,8.802304866666667,194.55591,308.04243,3.1199999333333337,,,4.6155064999999995,0.0,0.0,0.0,0.0,0.0,0.0,0.0,0.0,0.0,0.0,0.0,0.0,0.0
2025-03-26 22:00:00+00:00,6.784833333333334,71.33333333333333,1.9580967333333332,4.642712,0.0,0.0,0.0,0.0,1018.7333333333332,1005.12435,72.0,31.0,61.666666666666664,0.0,0.0,0.2836089533333333,2.3399005,7.814565000000001,105.44408933333334,294.78833333333336,4.08,,,4.083912833333333,0.0,0.0,0.0,0.0,0.0,0.0,0.0,0.0,0.0,0.0,0.0,0.0,0.0
